<code_scheme name="Default">
  <option name="CLASS_COUNT_TO_USE_IMPORT_ON_DEMAND" value="1000" />
  <option name="IMPORT_LAYOUT_TABLE">
    <value>
      <package name="" withSubpackages="true" static="true" />
      <emptyLine />
      <package name="java" withSubpackages="true" static="false" />
      <emptyLine />
      <package name="javax" withSubpackages="true" static="false" />
      <emptyLine />
      <package name="org" withSubpackages="true" static="false" />
      <emptyLine />
      <package name="com" withSubpackages="true" static="false" />
      <emptyLine />
      <package name="" withSubpackages="true" static="false" />
      <emptyLine />
    </value>
  </option>
  <option name="ENABLE_JAVADOC_FORMATTING" value="false" />
</code_scheme>