<application>
  <component name="CodeInsightSettings">
    <option name="COMPLETION_CASE_SENSITIVE" value="2" />
    <option name="ADD_UNAMBIGIOUS_IMPORTS_ON_THE_FLY" value="true" />
    <option name="JSP_ADD_UNAMBIGIOUS_IMPORTS_ON_THE_FLY" value="true" />
  </component>
  <component name="DaemonCodeAnalyzerSettings">
    <option name="SHOW_METHOD_SEPARATORS" value="true" />
  </component>
  <component name="DefaultFont">
    <option name="FONT_SIZE" value="16" />
  </component>
  <component name="EditorSettings">
    <option name="USE_SOFT_WRAPS" value="CONSOLE" />
    <option name="IS_INNER_WHITESPACES_SHOWN" value="false" />
    <option name="IS_TRAILING_WHITESPACES_SHOWN" value="false" />
  </component>
  <component name="TodoConfiguration">
    <pattern pattern="\btodo\b.*" />
    <pattern pattern="\bfixme\b.*" />
    <pattern pattern="\bspecs_open\b.*" />
  </component>
</application>